{
  "tamper_rate": 100.0,
  "false_positive_rate": 0.0,
  "verify_latency_ms": 0.31045801006257534,
  "proof_size_kb": 0.53125,
  "ingest_throughput": 9.157635056047695,
  "corpus_docs": 10,
  "corpus_chunks": 151
}